data_center_id,node_name,ip_address
str1,g001,10.10.11.1
str1,g002,10.10.11.2
str1,g003,10.10.11.3
str1,g004,10.10.11.4
str1,g005,10.10.11.5
str1,g006,10.10.11.6
str1,g007,10.10.11.7
str1,g008,10.10.11.8
str1,g009,10.10.11.9
str1,g010,10.10.11.10
str1,g011,10.10.11.11
str1,g012,10.10.11.12
str1,g013,10.10.11.13
str1,g014,10.10.11.14
str1,g015,10.10.11.15
str1,g016,10.10.11.16
str1,g017,10.10.12.1
str1,g018,10.10.12.2
str1,g019,10.10.12.3
str1,g020,10.10.12.4
str1,g021,10.10.12.5
str1,g022,10.10.12.6
str1,g023,10.10.12.7
str1,g024,10.10.12.8
str1,g025,10.10.12.9
str1,g026,10.10.12.10
str1,g027,10.10.12.11
str1,g028,10.10.12.12
str1,g029,10.10.12.13
str1,g030,10.10.12.14
str1,g031,10.10.12.15
str1,g032,10.10.12.16
str1,g033,10.10.13.1
str1,g034,10.10.13.2
str1,g035,10.10.13.3
str1,g036,10.10.13.4
str1,g037,10.10.13.5
str1,g038,10.10.13.6
str1,g039,10.10.13.7
str1,g040,10.10.13.8
str1,g041,10.10.13.9
str1,g042,10.10.13.10
str1,g043,10.10.13.11
str1,g044,10.10.13.12
str1,g045,10.10.13.13
str1,g046,10.10.13.14
str1,g047,10.10.13.15
str1,g048,10.10.13.16
str1,g049,10.10.14.1
str1,g050,10.10.14.2
str1,g051,10.10.14.3
str1,g052,10.10.14.4
str1,g053,10.10.14.5
str1,g054,10.10.14.6
str1,g055,10.10.14.7
str1,g056,10.10.14.8
str1,g057,10.10.14.9
str1,g058,10.10.14.10
str1,g059,10.10.14.11
str1,g060,10.10.14.12
str1,g061,10.10.14.13
str1,g062,10.10.14.14
str1,g063,10.10.14.15
str1,g064,10.10.14.16
str1,g065,10.10.15.1
str1,g066,10.10.15.2
str1,g067,10.10.15.3
str1,g068,10.10.15.4
str1,g069,10.10.15.5
str1,g070,10.10.15.6
str1,g071,10.10.15.7
str1,g072,10.10.15.8
str1,g073,10.10.15.9
str1,g074,10.10.15.10
str1,g075,10.10.15.11
str1,g076,10.10.15.12
str1,g077,10.10.15.13
str1,g078,10.10.15.14
str1,g079,10.10.15.15
str1,g080,10.10.15.16
str1,g081,10.10.16.1
str1,g082,10.10.16.2
str1,g083,10.10.16.3
str1,g084,10.10.16.4
str1,g085,10.10.16.5
str1,g086,10.10.16.6
str1,g087,10.10.16.7
str1,g088,10.10.16.8
str1,g089,10.10.16.9
str1,g090,10.10.16.10
str1,g091,10.10.16.11
str1,g092,10.10.16.12
str1,g093,10.10.16.13
str1,g094,10.10.16.14
str1,g095,10.10.16.15
str1,g096,10.10.16.16
str1,g097,10.10.17.1
str1,g098,10.10.17.2
str1,g099,10.10.17.3
str1,g100,10.10.17.4
str1,g101,10.10.17.5
str1,g102,10.10.17.6
str1,g103,10.10.17.7
str1,g104,10.10.17.8
str1,g105,10.10.17.9
str1,g106,10.10.17.10
str1,g107,10.10.17.11
str1,g108,10.10.17.12
str1,g109,10.10.17.13
str1,g110,10.10.17.14
str1,g111,10.10.17.15
str1,g112,10.10.17.16
str1,g113,10.10.18.1
str1,g114,10.10.18.2
str1,g115,10.10.18.3
str1,g116,10.10.18.4
str1,g117,10.10.18.5
str1,g118,10.10.18.6
str1,g119,10.10.18.7
str1,g120,10.10.18.8
str1,g121,10.10.18.9
str1,g122,10.10.18.10
str1,g123,10.10.18.11
str1,g124,10.10.18.12
str1,g125,10.10.18.13
str1,g126,10.10.18.14
str1,g127,10.10.18.15
str1,g128,10.10.21.1
str1,g129,10.10.21.2
str1,g130,10.10.21.3
str1,g131,10.10.21.4
str1,g132,10.10.21.5
str1,g133,10.10.21.6
str1,g134,10.10.21.7
str1,g135,10.10.21.8
str1,g136,10.10.21.9
str1,g137,10.10.21.10
str1,g138,10.10.21.11
str1,g139,10.10.21.12
str1,g140,10.10.21.13
str1,g141,10.10.21.14
str1,g142,10.10.21.15
str1,g143,10.10.21.16
str1,g144,10.10.22.1
str1,g145,10.10.22.2
str1,g146,10.10.22.3
str1,g147,10.10.22.4
str1,g148,10.10.22.5
str1,g149,10.10.22.6
str1,g150,10.10.22.7
str1,g151,10.10.22.8
str1,g152,10.10.22.9
str1,g153,10.10.22.10
str1,g154,10.10.22.11
str1,g155,10.10.22.12
str1,g156,10.10.22.13
str1,g157,10.10.22.14
str1,g158,10.10.22.15
str1,g159,10.10.22.16
str1,g160,10.10.23.1
str1,g161,10.10.23.2
str1,g162,10.10.23.3
str1,g163,10.10.23.4
str1,g164,10.10.23.5
str1,g165,10.10.23.6
str1,g166,10.10.23.7
str1,g167,10.10.23.8
str1,g168,10.10.23.9
str1,g169,10.10.23.10
str1,g170,10.10.23.11
str1,g171,10.10.23.12
str1,g172,10.10.23.13
str1,g173,10.10.23.14
str1,g174,10.10.23.15
str1,g175,10.10.23.16
str1,g176,10.10.24.1
str1,g177,10.10.24.2
str1,g178,10.10.24.3
str1,g179,10.10.24.4
str1,g180,10.10.24.5
str1,g181,10.10.24.6
str1,g182,10.10.24.7
str1,g183,10.10.24.8
str1,g184,10.10.24.9
str1,g185,10.10.24.10
str1,g186,10.10.24.11
str1,g187,10.10.24.12
str1,g188,10.10.24.13
str1,g189,10.10.24.14
str1,g190,10.10.24.15
str1,g191,10.10.24.16
str1,g192,10.10.25.1
str1,g193,10.10.25.2
str1,g194,10.10.25.3
str1,g195,10.10.25.4
str1,g196,10.10.25.5
str1,g197,10.10.25.6
str1,g198,10.10.25.7
str1,g199,10.10.25.8
str1,g200,10.10.25.9
str1,g201,10.10.25.10
str1,g202,10.10.25.11
str1,g203,10.10.25.12
str1,g204,10.10.25.13
str1,g205,10.10.25.14
str1,g206,10.10.25.15
str1,g207,10.10.25.16
str1,g208,10.10.26.1
str1,g209,10.10.26.2
str1,g210,10.10.26.3
str1,g211,10.10.26.4
str1,g212,10.10.26.5
str1,g213,10.10.26.6
str1,g214,10.10.26.7
str1,g215,10.10.26.8
str1,g216,10.10.26.9
str1,g217,10.10.26.10
str1,g218,10.10.26.11
str1,g219,10.10.26.12
str1,g220,10.10.26.13
str1,g221,10.10.26.14
str1,g222,10.10.26.15
str1,g223,10.10.26.16
str1,g224,10.10.27.1
str1,g225,10.10.27.2
str1,g226,10.10.27.3
str1,g227,10.10.27.4
str1,g228,10.10.27.5
str1,g229,10.10.27.6
str1,g230,10.10.27.7
str1,g231,10.10.27.8
str1,g232,10.10.27.9
str1,g233,10.10.27.10
str1,g234,10.10.27.11
str1,g235,10.10.27.12
str1,g236,10.10.27.13
str1,g237,10.10.27.14
str1,g238,10.10.27.15
str1,g239,10.10.27.16
str1,g240,10.10.28.1
str1,g241,10.10.28.2
str1,g242,10.10.28.3
str1,g243,10.10.28.4
str1,g244,10.10.28.5
str1,g245,10.10.28.6
str1,g246,10.10.28.7
str1,g247,10.10.28.8
str1,g248,10.10.28.9
str1,g249,10.10.28.10
str1,g250,10.10.28.11
str1,g251,10.10.28.12
str1,g252,10.10.28.13
str1,g253,10.10.28.14
str1,g254,10.10.28.15
str1,g255,10.10.31.1
str1,g256,10.10.31.2
str1,g257,10.10.31.3
str1,g258,10.10.31.4
str1,g259,10.10.31.5
str1,g260,10.10.31.6
str1,g261,10.10.31.7
str1,g262,10.10.31.8
str1,g263,10.10.31.9
str1,g264,10.10.31.10
str1,g265,10.10.31.11
str1,g266,10.10.31.12
str1,g267,10.10.31.13
str1,g268,10.10.31.14
str1,g269,10.10.31.15
str1,g270,10.10.31.16
str1,g271,10.10.32.1
str1,g272,10.10.32.2
str1,g273,10.10.32.3
str1,g274,10.10.32.4
str1,g275,10.10.32.5
str1,g276,10.10.32.6
str1,g277,10.10.32.7
str1,g278,10.10.32.8
str1,g279,10.10.32.9
str1,g280,10.10.32.10
str1,g281,10.10.32.11
str1,g282,10.10.32.12
str1,g283,10.10.32.13
str1,g284,10.10.32.14
str1,g285,10.10.32.15
str1,g286,10.10.32.16
str1,g287,10.10.33.1
str1,g288,10.10.33.2
str1,g289,10.10.33.3
str1,g290,10.10.33.4
str1,g291,10.10.33.5
str1,g292,10.10.33.6
str1,g293,10.10.33.7
str1,g294,10.10.33.8
str1,g295,10.10.33.9
str1,g296,10.10.33.10
str1,g297,10.10.33.11
str1,g298,10.10.33.12
str1,g299,10.10.33.13
str1,g300,10.10.33.14
str1,g301,10.10.33.15
str1,g302,10.10.33.16
str1,g303,10.10.34.1
str1,g304,10.10.34.2
str1,g305,10.10.34.3
str1,g306,10.10.34.4
str1,g307,10.10.34.5
str1,g308,10.10.34.6
str1,g309,10.10.34.7
str1,g310,10.10.34.8
str1,g311,10.10.34.9
str1,g312,10.10.34.10
str1,g313,10.10.34.11
str1,g314,10.10.34.12
str1,g315,10.10.34.13
str1,g316,10.10.34.14
str1,g317,10.10.34.15
str1,g318,10.10.34.16
str1,g319,10.10.35.1
str1,g320,10.10.35.2
str1,g321,10.10.35.3
str1,g322,10.10.35.4
str1,g323,10.10.35.5
str1,g324,10.10.35.6
str1,g325,10.10.35.7
str1,g326,10.10.35.8
str1,g327,10.10.35.9
str1,g328,10.10.35.10
str1,g329,10.10.35.11
str1,g330,10.10.35.12
str1,g331,10.10.35.13
str1,g332,10.10.35.14
str1,g333,10.10.35.15
str1,g334,10.10.35.16
str1,g335,10.10.36.1
str1,g336,10.10.36.2
str1,g337,10.10.36.3
str1,g338,10.10.36.4
str1,g339,10.10.36.5
str1,g340,10.10.36.6
str1,g341,10.10.36.7
str1,g342,10.10.36.8
str1,g343,10.10.36.9
str1,g344,10.10.36.10
str1,g345,10.10.36.11
str1,g346,10.10.36.12
str1,g347,10.10.36.13
str1,g348,10.10.36.14
str1,g349,10.10.36.15
str1,g350,10.10.36.16
str1,g351,10.10.37.1
str1,g352,10.10.37.2
str1,g353,10.10.37.3
str1,g354,10.10.37.4
str1,g355,10.10.37.5
str1,g356,10.10.37.6
str1,g357,10.10.37.7
str1,g358,10.10.37.8
str1,g359,10.10.37.9
str1,g360,10.10.37.10
str1,g361,10.10.37.11
str1,g362,10.10.37.12
str1,g363,10.10.37.13
str1,g364,10.10.37.14
str1,g365,10.10.37.15
str1,g366,10.10.37.16
str1,g367,10.10.38.1
str1,g368,10.10.38.2
str1,g369,10.10.38.3
str1,g370,10.10.38.4
str1,g371,10.10.38.5
str1,g372,10.10.38.6
str1,g373,10.10.38.7
str1,g374,10.10.38.8
str1,g375,10.10.38.9
str1,g376,10.10.38.10
str1,g377,10.10.38.11
str1,g378,10.10.38.12
str1,g379,10.10.38.13
str1,g380,10.10.38.14
str1,g381,10.10.38.15
str1,g382,10.10.41.1
str1,g383,10.10.41.2
str1,g384,10.10.41.3
str1,g385,10.10.41.4
str1,g386,10.10.41.5
str1,g387,10.10.41.6
str1,g388,10.10.41.7
str1,g389,10.10.41.8
str1,g390,10.10.41.9
str1,g391,10.10.41.10
str1,g392,10.10.41.11
str1,g393,10.10.41.12
str1,g394,10.10.41.13
str1,g395,10.10.41.14
str1,g396,10.10.41.15
str1,g397,10.10.41.16
str1,g398,10.10.42.1
str1,g399,10.10.42.2
str1,g400,10.10.42.3
str1,g401,10.10.42.4
str1,g402,10.10.42.5
str1,g403,10.10.42.6
str1,g404,10.10.42.7
str1,g405,10.10.42.8
str1,g406,10.10.42.9
str1,g407,10.10.42.10
str1,g408,10.10.42.11
str1,g409,10.10.42.12
str1,g410,10.10.42.13
str1,g411,10.10.42.14
str1,g412,10.10.42.15
str1,g413,10.10.42.16
str1,g414,10.10.43.1
str1,g415,10.10.43.2
str1,g416,10.10.43.3
str1,g417,10.10.43.4
str1,g418,10.10.43.5
str1,g419,10.10.43.6
str1,g420,10.10.43.7
str1,g421,10.10.43.8
str1,g422,10.10.43.9
str1,g423,10.10.43.10
str1,g424,10.10.43.11
str1,g425,10.10.43.12
str1,g426,10.10.43.13
str1,g427,10.10.43.14
str1,g428,10.10.43.15
str1,g429,10.10.43.16
str1,g430,10.10.44.1
str1,g431,10.10.44.2
str1,g432,10.10.44.3
str1,g433,10.10.44.4
str1,g434,10.10.44.5
str1,g435,10.10.44.6
str1,g436,10.10.44.7
str1,g437,10.10.44.8
str1,g438,10.10.44.9
str1,g439,10.10.44.10
str1,g440,10.10.44.11
str1,g441,10.10.44.12
str1,g442,10.10.44.13
str1,g443,10.10.44.14
str1,g444,10.10.44.15
str1,g445,10.10.44.16
str1,g446,10.10.45.1
str1,g447,10.10.45.2
str1,g448,10.10.42.3
str1,g449,10.10.45.3
str1,g450,10.10.45.4
str1,g451,10.10.42.4
str1,g452,10.10.45.5
str1,g453,10.10.45.6
str1,g454,10.10.42.5
str1,g455,10.10.45.7
str1,g456,10.10.45.8
str1,g457,10.10.42.6
str1,g458,10.10.45.9
str1,g459,10.10.45.10
str1,g460,10.10.42.7
str1,g461,10.10.45.16
str1,g462,10.10.46.1
str1,g463,10.10.46.2
str1,g464,10.10.46.3
str1,g465,10.10.46.4
str1,g466,10.10.46.5
str1,g467,10.10.46.6
str1,g468,10.10.46.7
str1,g469,10.10.46.8
str1,g470,10.10.46.9
str1,g471,10.10.46.10
str1,g472,10.10.46.11
str1,g473,10.10.46.12
str1,g474,10.10.46.13
str1,g475,10.10.46.14
str1,g476,10.10.46.15
str1,g477,10.10.46.16
str1,g478,10.10.47.1
str1,g479,10.10.47.2
str1,g480,10.10.47.3
str1,g481,10.10.47.4
str1,g482,10.10.47.5
str1,g483,10.10.47.6
str1,g484,10.10.47.7
str1,g485,10.10.47.8
str1,g486,10.10.47.9
str1,g487,10.10.47.10
str1,g488,10.10.47.11
str1,g489,10.10.47.12
str1,g490,10.10.47.13
str1,g491,10.10.47.14
str1,g492,10.10.47.15
str1,g493,10.10.47.16
str1,g494,10.10.48.1
str1,g495,10.10.48.2
str1,g496,10.10.48.3
str1,g497,10.10.48.4
str1,g498,10.10.48.5
str1,g499,10.10.48.6
str1,g500,10.10.48.7
str1,g501,10.10.48.8
str1,g502,10.10.48.9
str1,g503,10.10.48.10
str1,g504,10.10.48.11
str1,g505,10.10.48.12
str1,g506,10.10.48.13
str1,g507,10.10.48.14
str1,g508,10.10.48.15
ftw1,g001,10.0.11.1
ftw1,g002,10.0.11.2
ftw1,g003,10.0.11.3
ftw1,g004,10.0.11.4
ftw1,g005,10.0.11.5
ftw1,g006,10.0.11.6
ftw1,g007,10.0.11.7
ftw1,g008,10.0.11.8
ftw1,g009,10.0.11.9
ftw1,g010,10.0.11.10
ftw1,g011,10.0.11.11
ftw1,g012,10.0.11.12
ftw1,g013,10.0.11.13
ftw1,g014,10.0.11.14
ftw1,g015,10.0.11.15
ftw1,g016,10.0.11.16
ftw1,g017,10.0.12.1
ftw1,g018,10.0.12.2
ftw1,g019,10.0.12.3
ftw1,g020,10.0.12.4
ftw1,g021,10.0.12.5
ftw1,g022,10.0.12.6
ftw1,g023,10.0.12.7
ftw1,g024,10.0.12.8
ftw1,g025,10.0.12.9
ftw1,g026,10.0.12.10
ftw1,g027,10.0.12.11
ftw1,g028,10.0.12.12
ftw1,g029,10.0.12.13
ftw1,g030,10.0.12.14
ftw1,g031,10.0.12.15
ftw1,g032,10.0.12.16
ftw1,g033,10.0.13.1
ftw1,g034,10.0.13.2
ftw1,g035,10.0.13.3
ftw1,g036,10.0.13.4
ftw1,g037,10.0.13.5
ftw1,g038,10.0.13.6
ftw1,g039,10.0.13.7
ftw1,g040,10.0.13.8
ftw1,g041,10.0.13.9
ftw1,g042,10.0.13.10
ftw1,g043,10.0.13.11
ftw1,g044,10.0.13.12
ftw1,g045,10.0.13.13
ftw1,g046,10.0.13.14
ftw1,g047,10.0.13.15
ftw1,g048,10.0.13.16
ftw1,g049,10.0.14.1
ftw1,g050,10.0.14.2
ftw1,g051,10.0.14.3
ftw1,g052,10.0.14.4
ftw1,g053,10.0.14.5
ftw1,g054,10.0.14.6
ftw1,g055,10.0.14.7
ftw1,g056,10.0.14.8
ftw1,g057,10.0.14.9
ftw1,g058,10.0.14.10
ftw1,g059,10.0.14.11
ftw1,g060,10.0.14.12
ftw1,g061,10.0.14.13
ftw1,g062,10.0.14.14
ftw1,g063,10.0.14.15
ftw1,g064,10.0.14.16
ftw1,g065,10.0.15.1
ftw1,g066,10.0.15.2
ftw1,g067,10.0.15.3
ftw1,g068,10.0.15.4
ftw1,g069,10.0.15.5
ftw1,g070,10.0.15.6
ftw1,g071,10.0.15.7
ftw1,g072,10.0.15.8
ftw1,g073,10.0.15.9
ftw1,g074,10.0.15.10
ftw1,g075,10.0.15.11
ftw1,g076,10.0.15.12
ftw1,g077,10.0.15.13
ftw1,g078,10.0.15.14
ftw1,g079,10.0.15.15
ftw1,g080,10.0.15.16
ftw1,g081,10.0.16.1
ftw1,g082,10.0.16.2
ftw1,g083,10.0.16.3
ftw1,g084,10.0.16.4
ftw1,g085,10.0.16.5
ftw1,g086,10.0.16.6
ftw1,g087,10.0.16.7
ftw1,g088,10.0.16.8
ftw1,g089,10.0.16.9
ftw1,g090,10.0.16.10
ftw1,g091,10.0.16.11
ftw1,g092,10.0.16.12
ftw1,g093,10.0.16.13
ftw1,g094,10.0.16.14
ftw1,g095,10.0.16.15
ftw1,g096,10.0.16.16
ftw1,g097,10.0.17.1
ftw1,g098,10.0.17.2
ftw1,g099,10.0.17.3
ftw1,g100,10.0.17.4
ftw1,g101,10.0.17.5
ftw1,g102,10.0.17.6
ftw1,g103,10.0.17.7
ftw1,g104,10.0.17.8
ftw1,g105,10.0.17.9
ftw1,g106,10.0.17.10
ftw1,g107,10.0.17.11
ftw1,g108,10.0.17.12
ftw1,g109,10.0.17.13
ftw1,g110,10.0.17.14
ftw1,g111,10.0.17.15
ftw1,g112,10.0.17.16
ftw1,g113,10.0.18.1
ftw1,g114,10.0.18.2
ftw1,g115,10.0.18.3
ftw1,g116,10.0.18.4
ftw1,g117,10.0.18.5
ftw1,g118,10.0.18.6
ftw1,g119,10.0.18.7
ftw1,g120,10.0.18.8
ftw1,g121,10.0.18.9
ftw1,g122,10.0.18.10
ftw1,g123,10.0.18.11
ftw1,g124,10.0.18.12
ftw1,g125,10.0.18.13
ftw1,g126,10.0.18.14
ftw1,g127,10.0.18.15
ftw1,g128,10.0.21.1
ftw1,g129,10.0.21.2
ftw1,g130,10.0.21.3
ftw1,g131,10.0.21.4
ftw1,g132,10.0.21.5
ftw1,g133,10.0.21.6
ftw1,g134,10.0.21.7
ftw1,g135,10.0.21.8
ftw1,g136,10.0.21.9
ftw1,g137,10.0.21.10
ftw1,g138,10.0.21.11
ftw1,g139,10.0.21.12
ftw1,g140,10.0.21.13
ftw1,g141,10.0.21.14
ftw1,g142,10.0.21.15
ftw1,g143,10.0.21.16
ftw1,g144,10.0.22.1
ftw1,g145,10.0.22.2
ftw1,g146,10.0.22.3
ftw1,g147,10.0.22.4
ftw1,g148,10.0.22.5
ftw1,g149,10.0.22.6
ftw1,g150,10.0.22.7
ftw1,g151,10.0.22.8
ftw1,g152,10.0.22.9
ftw1,g153,10.0.22.10
ftw1,g154,10.0.22.11
ftw1,g155,10.0.22.12
ftw1,g156,10.0.22.13
ftw1,g157,10.0.22.14
ftw1,g158,10.0.22.15
ftw1,g159,10.0.22.16
ftw1,g160,10.0.23.1
ftw1,g161,10.0.23.2
ftw1,g162,10.0.23.3
ftw1,g163,10.0.23.4
ftw1,g164,10.0.23.5
ftw1,g165,10.0.23.6
ftw1,g166,10.0.23.7
ftw1,g167,10.0.23.8
ftw1,g168,10.0.23.9
ftw1,g169,10.0.23.10
ftw1,g170,10.0.23.11
ftw1,g171,10.0.23.12
ftw1,g172,10.0.23.13
ftw1,g173,10.0.23.14
ftw1,g174,10.0.23.15
ftw1,g175,10.0.23.16
ftw1,g176,10.0.24.1
ftw1,g177,10.0.24.2
ftw1,g178,10.0.24.3
ftw1,g179,10.0.24.4
ftw1,g180,10.0.24.5
ftw1,g181,10.0.24.6
ftw1,g182,10.0.24.7
ftw1,g183,10.0.24.8
ftw1,g184,10.0.24.9
ftw1,g185,10.0.24.10
ftw1,g186,10.0.24.11
ftw1,g187,10.0.24.12
ftw1,g188,10.0.24.13
ftw1,g189,10.0.24.14
ftw1,g190,10.0.24.15
ftw1,g191,10.0.24.16
ftw1,g192,10.0.25.1
ftw1,g193,10.0.25.2
ftw1,g194,10.0.25.3
ftw1,g195,10.0.25.4
ftw1,g196,10.0.25.5
ftw1,g197,10.0.25.6
ftw1,g198,10.0.25.7
ftw1,g199,10.0.25.8
ftw1,g200,10.0.25.9
ftw1,g201,10.0.25.10
ftw1,g202,10.0.25.11
ftw1,g203,10.0.25.12
ftw1,g204,10.0.25.13
ftw1,g205,10.0.25.14
ftw1,g206,10.0.25.15
ftw1,g207,10.0.25.16
ftw1,g208,10.0.26.1
ftw1,g209,10.0.26.2
ftw1,g210,10.0.26.3
ftw1,g211,10.0.26.4
ftw1,g212,10.0.26.5
ftw1,g213,10.0.26.6
ftw1,g214,10.0.26.7
ftw1,g215,10.0.26.8
ftw1,g216,10.0.26.9
ftw1,g217,10.0.26.10
ftw1,g218,10.0.26.11
ftw1,g219,10.0.26.12
ftw1,g220,10.0.26.13
ftw1,g221,10.0.26.14
ftw1,g222,10.0.26.15
ftw1,g223,10.0.26.16
ftw1,g224,10.0.27.1
ftw1,g225,10.0.27.2
ftw1,g226,10.0.27.3
ftw1,g227,10.0.27.4
ftw1,g228,10.0.27.5
ftw1,g229,10.0.27.6
ftw1,g230,10.0.27.7
ftw1,g231,10.0.27.8
ftw1,g232,10.0.27.9
ftw1,g233,10.0.27.10
ftw1,g234,10.0.27.11
ftw1,g235,10.0.27.12
ftw1,g236,10.0.27.13
ftw1,g237,10.0.27.14
ftw1,g238,10.0.27.15
ftw1,g239,10.0.27.16
ftw1,g240,10.0.28.1
ftw1,g241,10.0.28.2
ftw1,g242,10.0.28.3
ftw1,g243,10.0.28.4
ftw1,g244,10.0.28.5
ftw1,g245,10.0.28.6
ftw1,g246,10.0.28.7
ftw1,g247,10.0.28.8
ftw1,g248,10.0.28.9
ftw1,g249,10.0.28.10
ftw1,g250,10.0.28.11
ftw1,g251,10.0.28.12
ftw1,g252,10.0.28.13
ftw1,g253,10.0.28.14
ftw1,g254,10.0.28.15
pyl1,g001,10.5.11.1
pyl1,g002,10.5.11.2
pyl1,g003,10.5.11.3
pyl1,g004,10.5.11.4
pyl1,g005,10.5.11.5
pyl1,g006,10.5.11.6
pyl1,g007,10.5.11.7
pyl1,g008,10.5.11.8
pyl1,g009,10.5.11.9
pyl1,g010,10.5.11.10
pyl1,g011,10.5.11.11
pyl1,g012,10.5.11.12
pyl1,g013,10.5.11.13
pyl1,g014,10.5.11.14
pyl1,g015,10.5.11.15
pyl1,g016,10.5.11.16
pyl1,g017,10.5.12.1
pyl1,g018,10.5.12.2
pyl1,g019,10.5.12.3
pyl1,g020,10.5.12.4
pyl1,g021,10.5.12.5
pyl1,g022,10.5.12.6
pyl1,g023,10.5.12.7
pyl1,g024,10.5.12.8
pyl1,g025,10.5.12.9
pyl1,g026,10.5.12.10
pyl1,g027,10.5.12.11
pyl1,g028,10.5.12.12
pyl1,g029,10.5.12.13
pyl1,g030,10.5.12.14
pyl1,g031,10.5.12.15
pyl1,g032,10.5.12.16
pyl1,g033,10.5.13.1
pyl1,g034,10.5.13.2
pyl1,g035,10.5.13.3
pyl1,g036,10.5.13.4
pyl1,g037,10.5.13.5
pyl1,g038,10.5.13.6
pyl1,g039,10.5.13.7
pyl1,g040,10.5.13.8
pyl1,g041,10.5.13.9
pyl1,g042,10.5.13.10
pyl1,g043,10.5.13.11
pyl1,g044,10.5.13.12
pyl1,g045,10.5.13.13
pyl1,g046,10.5.13.14
pyl1,g047,10.5.13.15
pyl1,g048,10.5.13.16
pyl1,g049,10.5.14.1
pyl1,g050,10.5.14.2
pyl1,g051,10.5.14.3
pyl1,g052,10.5.14.4
pyl1,g053,10.5.14.5
pyl1,g054,10.5.14.6
pyl1,g055,10.5.14.7
pyl1,g056,10.5.14.8
pyl1,g057,10.5.14.9
pyl1,g058,10.5.14.10
pyl1,g059,10.5.14.11
pyl1,g060,10.5.14.12
pyl1,g061,10.5.14.13
pyl1,g062,10.5.14.14
pyl1,g063,10.5.14.15
pyl1,g064,10.5.14.16
pyl1,g065,10.5.15.1
pyl1,g066,10.5.15.2
pyl1,g067,10.5.15.3
pyl1,g068,10.5.15.4
pyl1,g069,10.5.15.5
pyl1,g070,10.5.15.6
pyl1,g071,10.5.15.7
pyl1,g072,10.5.15.8
pyl1,g073,10.5.15.9
pyl1,g074,10.5.15.10
pyl1,g075,10.5.15.11
pyl1,g076,10.5.15.12
pyl1,g077,10.5.15.13
pyl1,g078,10.5.15.14
pyl1,g079,10.5.15.15
pyl1,g080,10.5.15.16
pyl1,g081,10.5.16.1
pyl1,g082,10.5.16.2
pyl1,g083,10.5.16.3
pyl1,g084,10.5.16.4
pyl1,g085,10.5.16.5
pyl1,g086,10.5.16.6
pyl1,g087,10.5.16.7
pyl1,g088,10.5.16.8
pyl1,g089,10.5.16.9
pyl1,g090,10.5.16.10
pyl1,g091,10.5.16.11
pyl1,g092,10.5.16.12
pyl1,g093,10.5.16.13
pyl1,g094,10.5.16.14
pyl1,g095,10.5.16.15
pyl1,g096,10.5.16.16
pyl1,g097,10.5.17.1
pyl1,g098,10.5.17.2
pyl1,g099,10.5.17.3
pyl1,g100,10.5.17.4
pyl1,g101,10.5.17.5
pyl1,g102,10.5.17.6
pyl1,g103,10.5.17.7
pyl1,g104,10.5.17.8
pyl1,g105,10.5.17.9
pyl1,g106,10.5.17.10
pyl1,g107,10.5.17.11
pyl1,g108,10.5.17.12
pyl1,g109,10.5.17.13
pyl1,g110,10.5.17.14
pyl1,g111,10.5.17.15
pyl1,g112,10.5.17.16
pyl1,g113,10.5.18.1
pyl1,g114,10.5.18.2
pyl1,g115,10.5.18.3
pyl1,g116,10.5.18.4
pyl1,g117,10.5.18.5
pyl1,g118,10.5.18.6
pyl1,g119,10.5.18.7
pyl1,g120,10.5.18.8
pyl1,g121,10.5.18.9
pyl1,g122,10.5.18.10
pyl1,g123,10.5.18.11
pyl1,g124,10.5.18.12
pyl1,g125,10.5.18.13
pyl1,g126,10.5.18.14
pyl1,g127,10.5.18.15
pyl1,g128,10.5.21.1
pyl1,g129,10.5.21.2
pyl1,g130,10.5.21.3
pyl1,g131,10.5.21.4
pyl1,g132,10.5.21.5
pyl1,g133,10.5.21.6
pyl1,g134,10.5.21.7
pyl1,g135,10.5.21.8
pyl1,g136,10.5.21.9
pyl1,g137,10.5.21.10
pyl1,g138,10.5.21.11
pyl1,g139,10.5.21.12
pyl1,g140,10.5.21.13
pyl1,g141,10.5.21.14
pyl1,g142,10.5.21.15
pyl1,g143,10.5.21.16
pyl1,g144,10.5.22.1
pyl1,g145,10.5.22.2
pyl1,g146,10.5.22.3
pyl1,g147,10.5.22.4
pyl1,g148,10.5.22.5
pyl1,g149,10.5.22.6
pyl1,g150,10.5.22.7
pyl1,g151,10.5.22.8
pyl1,g152,10.5.22.9
pyl1,g153,10.5.22.10
pyl1,g154,10.5.22.11
pyl1,g155,10.5.22.12
pyl1,g156,10.5.22.13
pyl1,g157,10.5.22.14
pyl1,g158,10.5.22.15
pyl1,g159,10.5.22.16
pyl1,g160,10.5.23.1
pyl1,g161,10.5.23.2
pyl1,g162,10.5.23.3
pyl1,g163,10.5.23.4
pyl1,g164,10.5.23.5
pyl1,g165,10.5.23.6
pyl1,g166,10.5.23.7
pyl1,g167,10.5.23.8
pyl1,g168,10.5.23.9
pyl1,g169,10.5.23.10
pyl1,g170,10.5.23.11
pyl1,g171,10.5.23.12
pyl1,g172,10.5.23.13
pyl1,g173,10.5.23.14
pyl1,g174,10.5.23.15
pyl1,g175,10.5.23.16
pyl1,g176,10.5.24.1
pyl1,g177,10.5.24.2
pyl1,g178,10.5.24.3
pyl1,g179,10.5.24.4
pyl1,g180,10.5.24.5
pyl1,g181,10.5.24.6
pyl1,g182,10.5.24.7
pyl1,g183,10.5.24.8
pyl1,g184,10.5.24.9
pyl1,g185,10.5.24.10
pyl1,g186,10.5.24.11
pyl1,g187,10.5.24.12
pyl1,g188,10.5.24.13
pyl1,g189,10.5.24.14
pyl1,g190,10.5.24.15
pyl1,g191,10.5.24.16
pyl1,g192,10.5.25.1
pyl1,g193,10.5.25.2
pyl1,g194,10.5.25.3
pyl1,g195,10.5.25.4
pyl1,g196,10.5.25.5
pyl1,g197,10.5.25.6
pyl1,g198,10.5.25.7
pyl1,g199,10.5.25.8
pyl1,g200,10.5.25.9
pyl1,g201,10.5.25.10
pyl1,g202,10.5.25.11
pyl1,g203,10.5.25.12
pyl1,g204,10.5.25.13
pyl1,g205,10.5.25.14
pyl1,g206,10.5.25.15
pyl1,g207,10.5.25.16
pyl1,g208,10.5.26.1
pyl1,g209,10.5.26.2
pyl1,g210,10.5.26.3
pyl1,g211,10.5.26.4
pyl1,g212,10.5.26.5
pyl1,g213,10.5.26.6
pyl1,g214,10.5.26.7
pyl1,g215,10.5.26.8
pyl1,g216,10.5.26.9
pyl1,g217,10.5.26.10
pyl1,g218,10.5.26.11
pyl1,g219,10.5.26.12
pyl1,g220,10.5.26.13
pyl1,g221,10.5.26.14
pyl1,g222,10.5.26.15
pyl1,g223,10.5.26.16
pyl1,g224,10.5.27.1
pyl1,g225,10.5.27.2
pyl1,g226,10.5.27.3
pyl1,g227,10.5.27.4
pyl1,g228,10.5.27.5
pyl1,g229,10.5.27.6
pyl1,g230,10.5.27.7
pyl1,g231,10.5.27.8
pyl1,g232,10.5.27.9
pyl1,g233,10.5.27.10
pyl1,g234,10.5.27.11
pyl1,g235,10.5.27.12
pyl1,g236,10.5.27.13
pyl1,g237,10.5.27.14
pyl1,g238,10.5.27.15
pyl1,g239,10.5.27.16
pyl1,g240,10.5.28.1
pyl1,g241,10.5.28.2
pyl1,g242,10.5.28.3
pyl1,g243,10.5.28.4
pyl1,g244,10.5.28.5
pyl1,g245,10.5.28.6
pyl1,g246,10.5.28.7
pyl1,g247,10.5.28.8
pyl1,g248,10.5.28.9
pyl1,g249,10.5.28.10
pyl1,g250,10.5.28.11
pyl1,g251,10.5.28.12
pyl1,g252,10.5.28.13
pyl1,g253,10.5.28.14
pyl1,g254,10.5.28.15
pyl1,g255,10.5.31.1
pyl1,g256,10.5.31.2
pyl1,g257,10.5.31.3
pyl1,g258,10.5.31.4
pyl1,g259,10.5.31.5
pyl1,g260,10.5.31.6
pyl1,g261,10.5.31.7
pyl1,g262,10.5.31.8
pyl1,g263,10.5.31.9
pyl1,g264,10.5.31.10
pyl1,g265,10.5.31.11
pyl1,g266,10.5.31.12
pyl1,g267,10.5.31.13
pyl1,g268,10.5.31.14
pyl1,g269,10.5.31.15
pyl1,g270,10.5.31.16
pyl1,g271,10.5.32.1
pyl1,g272,10.5.32.2
pyl1,g273,10.5.32.3
pyl1,g274,10.5.32.4
pyl1,g275,10.5.32.5
pyl1,g276,10.5.32.6
pyl1,g277,10.5.32.7
pyl1,g278,10.5.32.8
pyl1,g279,10.5.32.9
pyl1,g280,10.5.32.10
pyl1,g281,10.5.32.11
pyl1,g282,10.5.32.12
pyl1,g283,10.5.32.13
pyl1,g284,10.5.32.14
pyl1,g285,10.5.32.15
pyl1,g286,10.5.32.16
pyl1,g287,10.5.33.1
pyl1,g288,10.5.33.2
pyl1,g289,10.5.33.3
pyl1,g290,10.5.33.4
pyl1,g291,10.5.33.5
pyl1,g292,10.5.33.6
pyl1,g293,10.5.33.7
pyl1,g294,10.5.33.8
pyl1,g295,10.5.33.9
pyl1,g296,10.5.33.10
pyl1,g297,10.5.33.11
pyl1,g298,10.5.33.12
pyl1,g299,10.5.33.13
pyl1,g300,10.5.33.14
pyl1,g301,10.5.33.15
pyl1,g302,10.5.33.16
pyl1,g303,10.5.34.1
pyl1,g304,10.5.34.2
pyl1,g305,10.5.34.3
pyl1,g306,10.5.34.4
pyl1,g307,10.5.34.5
pyl1,g308,10.5.34.6
pyl1,g309,10.5.34.7
pyl1,g310,10.5.34.8
pyl1,g311,10.5.34.9
pyl1,g312,10.5.34.10
pyl1,g313,10.5.34.11
pyl1,g314,10.5.34.12
pyl1,g315,10.5.34.13
pyl1,g316,10.5.34.14
pyl1,g317,10.5.34.15
pyl1,g318,10.5.34.16
pyl1,g319,10.5.35.1
pyl1,g320,10.5.35.2
pyl1,g321,10.5.35.3
pyl1,g322,10.5.35.4
pyl1,g323,10.5.35.5
pyl1,g324,10.5.35.6
pyl1,g325,10.5.35.7
pyl1,g326,10.5.35.8
pyl1,g327,10.5.35.9
pyl1,g328,10.5.35.10
pyl1,g329,10.5.35.11
pyl1,g330,10.5.35.12
pyl1,g331,10.5.35.13
pyl1,g332,10.5.35.14
pyl1,g333,10.5.35.15
pyl1,g334,10.5.35.16
pyl1,g335,10.5.36.1
pyl1,g336,10.5.36.2
pyl1,g337,10.5.36.3
pyl1,g338,10.5.36.4
pyl1,g339,10.5.36.5
pyl1,g340,10.5.36.6
pyl1,g341,10.5.36.7
pyl1,g342,10.5.36.8
pyl1,g343,10.5.36.9
pyl1,g344,10.5.36.10
pyl1,g345,10.5.36.11
pyl1,g346,10.5.36.12
pyl1,g347,10.5.36.13
pyl1,g348,10.5.36.14
pyl1,g349,10.5.36.15
pyl1,g350,10.5.36.16
pyl1,g351,10.5.37.1
pyl1,g352,10.5.37.2
pyl1,g353,10.5.37.3
pyl1,g354,10.5.37.4
pyl1,g355,10.5.37.5
pyl1,g356,10.5.37.6
pyl1,g357,10.5.37.7
pyl1,g358,10.5.37.8
pyl1,g359,10.5.37.9
pyl1,g360,10.5.37.10
pyl1,g361,10.5.37.11
pyl1,g362,10.5.37.12
pyl1,g363,10.5.37.13
pyl1,g364,10.5.37.14
pyl1,g365,10.5.37.15
pyl1,g366,10.5.37.16
pyl1,g367,10.5.38.1
pyl1,g368,10.5.38.2
pyl1,g369,10.5.38.3
pyl1,g370,10.5.38.4
pyl1,g371,10.5.38.5
pyl1,g372,10.5.38.6
pyl1,g373,10.5.38.7
pyl1,g374,10.5.38.8
pyl1,g375,10.5.38.9
pyl1,g376,10.5.38.10
pyl1,g377,10.5.38.11
pyl1,g378,10.5.38.12
pyl1,g379,10.5.38.13
pyl1,g380,10.5.38.14
pyl1,g381,10.5.38.15
pyl1,g382,10.5.41.1
pyl1,g383,10.5.41.2
pyl1,g384,10.5.41.3
pyl1,g385,10.5.41.4
pyl1,g386,10.5.41.5
pyl1,g387,10.5.41.6
pyl1,g388,10.5.41.7
pyl1,g389,10.5.41.8
pyl1,g390,10.5.41.9
pyl1,g391,10.5.41.10
pyl1,g392,10.5.41.11
pyl1,g393,10.5.41.12
pyl1,g394,10.5.41.13
pyl1,g395,10.5.41.14
pyl1,g396,10.5.41.15
pyl1,g397,10.5.41.16
pyl1,g398,10.5.42.1
pyl1,g399,10.5.42.2
pyl1,g400,10.5.42.3
pyl1,g401,10.5.42.4
pyl1,g402,10.5.42.5
pyl1,g403,10.5.42.6
pyl1,g404,10.5.42.7
pyl1,g405,10.5.42.8
pyl1,g406,10.5.42.9
pyl1,g407,10.5.42.10
pyl1,g408,10.5.42.11
pyl1,g409,10.5.42.12
pyl1,g410,10.5.42.13
pyl1,g411,10.5.42.14
pyl1,g412,10.5.42.15
pyl1,g413,10.5.42.16
pyl1,g414,10.5.43.1
pyl1,g415,10.5.43.2
pyl1,g416,10.5.43.3
pyl1,g417,10.5.43.4
pyl1,g418,10.5.43.5
pyl1,g419,10.5.43.6
pyl1,g420,10.5.43.7
pyl1,g421,10.5.43.8
pyl1,g422,10.5.43.9
pyl1,g423,10.5.43.10
pyl1,g424,10.5.43.11
pyl1,g425,10.5.43.12
pyl1,g426,10.5.43.13
pyl1,g427,10.5.43.14
pyl1,g428,10.5.43.15
pyl1,g429,10.5.43.16
pyl1,g430,10.5.44.1
pyl1,g431,10.5.44.2
pyl1,g432,10.5.44.3
pyl1,g433,10.5.44.4
pyl1,g434,10.5.44.5
pyl1,g435,10.5.44.6
pyl1,g436,10.5.44.7
pyl1,g437,10.5.44.8
pyl1,g438,10.5.44.9
pyl1,g439,10.5.44.10
pyl1,g440,10.5.44.11
pyl1,g441,10.5.44.12
pyl1,g442,10.5.44.13
pyl1,g443,10.5.44.14
pyl1,g444,10.5.44.15
pyl1,g445,10.5.44.16
pyl1,g446,10.5.45.1
pyl1,g447,10.5.45.2
pyl1,g448,10.5.45.3
pyl1,g449,10.5.45.4
pyl1,g450,10.5.45.5
pyl1,g451,10.5.45.6
pyl1,g452,10.5.45.7
pyl1,g453,10.5.45.8
pyl1,g454,10.5.45.9
pyl1,g455,10.5.45.10
pyl1,g456,10.5.45.11
pyl1,g457,10.5.45.12
pyl1,g458,10.5.45.13
pyl1,g459,10.5.45.14
pyl1,g460,10.5.45.15
pyl1,g461,10.5.45.16
pyl1,g462,10.5.46.1
pyl1,g463,10.5.46.2
pyl1,g464,10.5.46.3
pyl1,g465,10.5.46.4
pyl1,g466,10.5.46.5
pyl1,g467,10.5.46.6
pyl1,g468,10.5.46.7
pyl1,g469,10.5.46.8
pyl1,g470,10.5.46.9
pyl1,g471,10.5.46.10
pyl1,g472,10.5.46.11
pyl1,g473,10.5.46.12
pyl1,g474,10.5.46.13
pyl1,g475,10.5.46.14
pyl1,g476,10.5.46.15
pyl1,g477,10.5.46.16
pyl1,g478,10.5.47.1
pyl1,g479,10.5.47.2
pyl1,g480,10.5.47.3
pyl1,g481,10.5.47.4
pyl1,g482,10.5.47.5
pyl1,g483,10.5.47.6
pyl1,g484,10.5.47.7
pyl1,g485,10.5.47.8
pyl1,g486,10.5.47.9
pyl1,g487,10.5.47.10
pyl1,g488,10.5.47.11
pyl1,g489,10.5.47.12
pyl1,g490,10.5.47.13
pyl1,g491,10.5.47.14
pyl1,g492,10.5.47.15
pyl1,g493,10.5.47.16
pyl1,g494,10.5.48.1
pyl1,g495,10.5.48.2
pyl1,g496,10.5.48.3
pyl1,g497,10.5.48.4
pyl1,g498,10.5.48.5
pyl1,g499,10.5.48.6
pyl1,g500,10.5.48.7
pyl1,g501,10.5.48.8
pyl1,g502,10.5.48.9
pyl1,g503,10.5.48.10
pyl1,g504,10.5.48.11
pyl1,g505,10.5.48.12
pyl1,g506,10.5.48.13
pyl1,g507,10.5.48.14
pyl1,g508,10.5.48.15
pyl1,g509,10.5.51.1
pyl1,g510,10.5.51.2
pyl1,g511,10.5.51.3
pyl1,g512,10.5.51.4
pyl1,g513,10.5.51.5
pyl1,g514,10.5.51.6
pyl1,g515,10.5.51.7
pyl1,g516,10.5.51.8
pyl1,g517,10.5.51.9
pyl1,g518,10.5.51.10
pyl1,g519,10.5.51.11
pyl1,g520,10.5.51.12
pyl1,g521,10.5.51.13
pyl1,g522,10.5.51.14
pyl1,g523,10.5.51.15
pyl1,g524,10.5.51.16
pyl1,g525,10.5.52.1
pyl1,g526,10.5.52.2
pyl1,g527,10.5.52.3
pyl1,g528,10.5.52.4
pyl1,g529,10.5.52.5
pyl1,g530,10.5.52.6
pyl1,g531,10.5.52.7
pyl1,g532,10.5.52.8
pyl1,g533,10.5.52.9
pyl1,g534,10.5.52.10
pyl1,g535,10.5.52.11
pyl1,g536,10.5.52.12
pyl1,g537,10.5.52.13
pyl1,g538,10.5.52.14
pyl1,g539,10.5.52.15
pyl1,g540,10.5.52.16
pyl1,g541,10.5.53.1
pyl1,g542,10.5.53.2
pyl1,g543,10.5.53.3
pyl1,g544,10.5.53.4
pyl1,g545,10.5.53.5
pyl1,g546,10.5.53.6
pyl1,g547,10.5.53.7
pyl1,g548,10.5.53.8
pyl1,g549,10.5.53.9
pyl1,g550,10.5.53.10
pyl1,g551,10.5.53.11
pyl1,g552,10.5.53.12
pyl1,g553,10.5.53.13
pyl1,g554,10.5.53.14
pyl1,g555,10.5.53.15
pyl1,g556,10.5.53.16
pyl1,g557,10.5.54.1
pyl1,g558,10.5.54.2
pyl1,g559,10.5.54.3
pyl1,g560,10.5.54.4
pyl1,g561,10.5.54.5
pyl1,g562,10.5.54.6
pyl1,g563,10.5.54.7
pyl1,g564,10.5.54.8
pyl1,g565,10.5.54.9
pyl1,g566,10.5.54.10
pyl1,g567,10.5.54.11
pyl1,g568,10.5.54.12
pyl1,g569,10.5.54.13
pyl1,g570,10.5.54.14
pyl1,g571,10.5.54.15
pyl1,g572,10.5.54.16
pyl1,g573,10.5.55.1
pyl1,g574,10.5.55.2
pyl1,g575,10.5.55.3
pyl1,g576,10.5.55.4
pyl1,g577,10.5.55.5
pyl1,g578,10.5.55.6
pyl1,g579,10.5.55.7
pyl1,g580,10.5.55.8
pyl1,g581,10.5.55.9
pyl1,g582,10.5.55.10
pyl1,g583,10.5.55.11
pyl1,g584,10.5.55.12
pyl1,g585,10.5.55.13
pyl1,g586,10.5.55.14
pyl1,g587,10.5.55.15
pyl1,g588,10.5.55.16
pyl1,g589,10.5.56.1
pyl1,g590,10.5.56.2
pyl1,g591,10.5.56.3
pyl1,g592,10.5.56.4
pyl1,g593,10.5.56.5
pyl1,g594,10.5.56.6
pyl1,g595,10.5.56.7
pyl1,g596,10.5.56.8
pyl1,g597,10.5.56.9
pyl1,g598,10.5.56.10
pyl1,g599,10.5.56.11
pyl1,g600,10.5.56.12
pyl1,g601,10.5.56.13
pyl1,g602,10.5.56.14
pyl1,g603,10.5.56.15
pyl1,g604,10.5.56.16
pyl1,g605,10.5.57.1
pyl1,g606,10.5.57.2
pyl1,g607,10.5.57.3
pyl1,g608,10.5.57.4
pyl1,g609,10.5.57.5
pyl1,g610,10.5.57.6
pyl1,g611,10.5.57.7
pyl1,g612,10.5.57.8
pyl1,g613,10.5.57.9
pyl1,g614,10.5.57.10
pyl1,g615,10.5.57.11
pyl1,g616,10.5.57.12
pyl1,g617,10.5.57.13
pyl1,g618,10.5.57.14
pyl1,g619,10.5.57.15
pyl1,g620,10.5.57.16
pyl1,g621,10.5.58.1
pyl1,g622,10.5.58.2
pyl1,g623,10.5.58.3
pyl1,g624,10.5.58.4
pyl1,g625,10.5.58.5
pyl1,g626,10.5.58.6
pyl1,g627,10.5.58.7
pyl1,g628,10.5.58.8
pyl1,g629,10.5.58.9
pyl1,g630,10.5.58.10
pyl1,g631,10.5.58.11
pyl1,g632,10.5.58.12
pyl1,g633,10.5.58.13
pyl1,g634,10.5.58.14
pyl1,g635,10.5.58.15
pyl1,g636,10.5.61.1
pyl1,g637,10.5.61.2
pyl1,g638,10.5.61.3
pyl1,g639,10.5.61.4
pyl1,g640,10.5.61.5
pyl1,g641,10.5.61.6
pyl1,g642,10.5.61.7
pyl1,g643,10.5.61.8
pyl1,g644,10.5.61.9
pyl1,g645,10.5.61.10
pyl1,g646,10.5.61.11
pyl1,g647,10.5.61.12
pyl1,g648,10.5.61.13
pyl1,g649,10.5.61.14
pyl1,g650,10.5.61.15
pyl1,g651,10.5.61.16
pyl1,g652,10.5.62.1
pyl1,g653,10.5.62.2
pyl1,g654,10.5.62.3
pyl1,g655,10.5.62.4
pyl1,g656,10.5.62.5
pyl1,g657,10.5.62.6
pyl1,g658,10.5.62.7
pyl1,g659,10.5.62.8
pyl1,g660,10.5.62.9
pyl1,g661,10.5.62.10
pyl1,g662,10.5.62.11
pyl1,g663,10.5.62.12
pyl1,g664,10.5.62.13
pyl1,g665,10.5.62.14
pyl1,g666,10.5.62.15
pyl1,g667,10.5.62.16
pyl1,g668,10.5.63.1
pyl1,g669,10.5.63.2
pyl1,g670,10.5.63.3
pyl1,g671,10.5.63.4
pyl1,g672,10.5.63.5
pyl1,g673,10.5.63.6
pyl1,g674,10.5.63.7
pyl1,g675,10.5.63.8
pyl1,g676,10.5.63.9
pyl1,g677,10.5.63.10
pyl1,g678,10.5.63.11
pyl1,g679,10.5.63.12
pyl1,g680,10.5.63.13
pyl1,g681,10.5.63.14
pyl1,g682,10.5.63.15
pyl1,g683,10.5.63.16
pyl1,g684,10.5.64.1
pyl1,g685,10.5.64.2
pyl1,g686,10.5.64.3
pyl1,g687,10.5.64.4
pyl1,g688,10.5.64.5
pyl1,g689,10.5.64.6
pyl1,g690,10.5.64.7
pyl1,g691,10.5.64.8
pyl1,g692,10.5.64.9
pyl1,g693,10.5.64.10
pyl1,g694,10.5.64.11
pyl1,g695,10.5.64.12
pyl1,g696,10.5.64.13
pyl1,g697,10.5.64.14
pyl1,g698,10.5.64.15
pyl1,g699,10.5.64.16
pyl1,g700,10.5.65.1
pyl1,g701,10.5.65.2
pyl1,g702,10.5.65.3
pyl1,g703,10.5.65.4
pyl1,g704,10.5.65.5
pyl1,g705,10.5.65.6
pyl1,g706,10.5.65.7
pyl1,g707,10.5.65.8
pyl1,g708,10.5.65.9
pyl1,g709,10.5.65.10
pyl1,g710,10.5.65.11
pyl1,g711,10.5.65.12
pyl1,g712,10.5.65.13
pyl1,g713,10.5.65.14
pyl1,g714,10.5.65.15
pyl1,g715,10.5.65.16
pyl1,g716,10.5.66.1
pyl1,g717,10.5.66.2
pyl1,g718,10.5.66.3
pyl1,g719,10.5.66.4
pyl1,g720,10.5.66.5
pyl1,g721,10.5.66.6
pyl1,g722,10.5.66.7
pyl1,g723,10.5.66.8
pyl1,g724,10.5.66.9
pyl1,g725,10.5.66.10
pyl1,g726,10.5.66.11
pyl1,g727,10.5.66.12
pyl1,g728,10.5.66.13
pyl1,g729,10.5.66.14
pyl1,g730,10.5.66.15
pyl1,g731,10.5.66.16
pyl1,g732,10.5.67.1
pyl1,g733,10.5.67.2
pyl1,g734,10.5.67.3
pyl1,g735,10.5.67.4
pyl1,g736,10.5.67.5
pyl1,g737,10.5.67.6
pyl1,g738,10.5.67.7
pyl1,g739,10.5.67.8
pyl1,g740,10.5.67.9
pyl1,g741,10.5.67.10
pyl1,g742,10.5.67.11
pyl1,g743,10.5.67.12
pyl1,g744,10.5.67.13
pyl1,g745,10.5.67.14
pyl1,g746,10.5.67.15
pyl1,g747,10.5.67.16
pyl1,g748,10.5.68.1
pyl1,g749,10.5.68.2
pyl1,g750,10.5.68.3
pyl1,g751,10.5.68.4
pyl1,g752,10.5.68.5
pyl1,g753,10.5.68.6
pyl1,g754,10.5.68.7
pyl1,g755,10.5.68.8
pyl1,g756,10.5.68.9
pyl1,g757,10.5.68.10
pyl1,g758,10.5.68.11
pyl1,g759,10.5.68.12
pyl1,g760,10.5.68.13
pyl1,g761,10.5.68.14
pyl1,g762,10.5.68.15
pyl1,g763,10.5.71.1
pyl1,g764,10.5.71.2
pyl1,g765,10.5.71.3
pyl1,g766,10.5.71.4
pyl1,g767,10.5.71.5
pyl1,g768,10.5.71.6
pyl1,g769,10.5.71.7
pyl1,g770,10.5.71.8
pyl1,g771,10.5.71.9
pyl1,g772,10.5.71.10
pyl1,g773,10.5.71.11
pyl1,g774,10.5.71.12
pyl1,g775,10.5.71.13
pyl1,g776,10.5.71.14
pyl1,g777,10.5.71.15
pyl1,g778,10.5.71.16
pyl1,g779,10.5.72.1
pyl1,g780,10.5.72.2
pyl1,g781,10.5.72.3
pyl1,g782,10.5.72.4
pyl1,g783,10.5.72.5
pyl1,g784,10.5.72.6
pyl1,g785,10.5.72.7
pyl1,g786,10.5.72.8
pyl1,g787,10.5.72.9
pyl1,g788,10.5.72.10
pyl1,g789,10.5.72.11
pyl1,g790,10.5.72.12
pyl1,g791,10.5.72.13
pyl1,g792,10.5.72.14
pyl1,g793,10.5.72.15
pyl1,g794,10.5.72.16
pyl1,g795,10.5.73.1
pyl1,g796,10.5.73.2
pyl1,g797,10.5.73.3
pyl1,g798,10.5.73.4
pyl1,g799,10.5.73.5
pyl1,g800,10.5.73.6
pyl1,g801,10.5.73.7
pyl1,g802,10.5.73.8
pyl1,g803,10.5.73.9
pyl1,g804,10.5.73.10
pyl1,g805,10.5.73.11
pyl1,g806,10.5.73.12
pyl1,g807,10.5.73.13
pyl1,g808,10.5.73.14
pyl1,g809,10.5.73.15
pyl1,g810,10.5.73.16
pyl1,g811,10.5.74.1
pyl1,g812,10.5.74.2
pyl1,g813,10.5.74.3
pyl1,g814,10.5.74.4
pyl1,g815,10.5.74.5
pyl1,g816,10.5.74.6
pyl1,g817,10.5.74.7
pyl1,g818,10.5.74.8
pyl1,g819,10.5.74.9
pyl1,g820,10.5.74.10
pyl1,g821,10.5.74.11
pyl1,g822,10.5.74.12
pyl1,g823,10.5.74.13
pyl1,g824,10.5.74.14
pyl1,g825,10.5.74.15
pyl1,g826,10.5.74.16
pyl1,g827,10.5.75.1
pyl1,g828,10.5.75.2
pyl1,g829,10.5.75.3
pyl1,g830,10.5.75.4
pyl1,g831,10.5.75.5
pyl1,g832,10.5.75.6
pyl1,g833,10.5.75.7
pyl1,g834,10.5.75.8
pyl1,g835,10.5.75.9
pyl1,g836,10.5.75.10
pyl1,g837,10.5.75.11
pyl1,g838,10.5.75.12
pyl1,g839,10.5.75.13
pyl1,g840,10.5.75.14
pyl1,g841,10.5.75.15
pyl1,g842,10.5.75.16
pyl1,g843,10.5.76.1
pyl1,g844,10.5.76.2
pyl1,g845,10.5.76.3
pyl1,g846,10.5.76.4
pyl1,g847,10.5.76.5
pyl1,g848,10.5.76.6
pyl1,g849,10.5.76.7
pyl1,g850,10.5.76.8
pyl1,g851,10.5.76.9
pyl1,g852,10.5.76.10
pyl1,g853,10.5.76.11
pyl1,g854,10.5.76.12
pyl1,g855,10.5.76.13
pyl1,g856,10.5.76.14
pyl1,g857,10.5.76.15
pyl1,g858,10.5.76.16
pyl1,g859,10.5.77.1
pyl1,g860,10.5.77.2
pyl1,g861,10.5.77.3
pyl1,g862,10.5.77.4
pyl1,g863,10.5.77.5
pyl1,g864,10.5.77.6
pyl1,g865,10.5.77.7
pyl1,g866,10.5.77.8
pyl1,g867,10.5.77.9
pyl1,g868,10.5.77.10
pyl1,g869,10.5.77.11
pyl1,g870,10.5.77.12
pyl1,g871,10.5.77.13
pyl1,g872,10.5.77.14
pyl1,g873,10.5.77.15
pyl1,g874,10.5.77.16
pyl1,g875,10.5.78.1
pyl1,g876,10.5.78.2
pyl1,g877,10.5.78.3
pyl1,g878,10.5.78.4
pyl1,g879,10.5.78.5
pyl1,g880,10.5.78.6
pyl1,g881,10.5.78.7
pyl1,g882,10.5.78.8
pyl1,g883,10.5.78.9
pyl1,g884,10.5.78.10
pyl1,g885,10.5.78.11
pyl1,g886,10.5.78.12
pyl1,g887,10.5.78.13
pyl1,g888,10.5.78.14
pyl1,g889,10.5.78.15
pyl1,g890,10.5.81.1
pyl1,g891,10.5.81.2
pyl1,g892,10.5.81.3
pyl1,g893,10.5.81.4
pyl1,g894,10.5.81.5
pyl1,g895,10.5.81.6
pyl1,g896,10.5.81.7
pyl1,g897,10.5.81.8
pyl1,g898,10.5.81.9
pyl1,g899,10.5.81.10
pyl1,g900,10.5.81.11
pyl1,g901,10.5.81.12
pyl1,g902,10.5.81.13
pyl1,g903,10.5.81.14
pyl1,g904,10.5.81.15
pyl1,g905,10.5.81.16
pyl1,g906,10.5.82.1
pyl1,g907,10.5.82.2
pyl1,g908,10.5.82.3
pyl1,g909,10.5.82.4
pyl1,g910,10.5.82.5
pyl1,g911,10.5.82.6
pyl1,g912,10.5.82.7
pyl1,g913,10.5.82.8
pyl1,g914,10.5.82.9
pyl1,g915,10.5.82.10
pyl1,g916,10.5.82.11
pyl1,g917,10.5.82.12
pyl1,g918,10.5.82.13
pyl1,g919,10.5.82.14
pyl1,g920,10.5.82.15
pyl1,g921,10.5.82.16
pyl1,g922,10.5.83.1
pyl1,g923,10.5.83.2
pyl1,g924,10.5.83.3
pyl1,g925,10.5.83.4
pyl1,g926,10.5.83.5
pyl1,g927,10.5.83.6
pyl1,g928,10.5.83.7
pyl1,g929,10.5.83.8
pyl1,g930,10.5.83.9
pyl1,g931,10.5.83.10
pyl1,g932,10.5.83.11
pyl1,g933,10.5.83.12
pyl1,g934,10.5.83.13
pyl1,g935,10.5.83.14
pyl1,g936,10.5.83.15
pyl1,g937,10.5.83.16
pyl1,g938,10.5.84.1
pyl1,g939,10.5.84.2
pyl1,g940,10.5.84.3
pyl1,g941,10.5.84.4
pyl1,g942,10.5.84.5
pyl1,g943,10.5.84.6
pyl1,g944,10.5.84.7
pyl1,g945,10.5.84.8
pyl1,g946,10.5.84.9
pyl1,g947,10.5.84.10
pyl1,g948,10.5.84.11
pyl1,g949,10.5.84.12
pyl1,g950,10.5.84.13
pyl1,g951,10.5.84.14
pyl1,g952,10.5.84.15
pyl1,g953,10.5.84.16
pyl1,g954,10.5.85.1
pyl1,g955,10.5.85.2
pyl1,g956,10.5.85.3
pyl1,g957,10.5.85.4
pyl1,g958,10.5.85.5
pyl1,g959,10.5.85.6
pyl1,g960,10.5.85.7
pyl1,g961,10.5.85.8
pyl1,g962,10.5.85.9
pyl1,g963,10.5.85.10
pyl1,g964,10.5.85.11
pyl1,g965,10.5.85.12
pyl1,g966,10.5.85.13
pyl1,g967,10.5.85.14
pyl1,g968,10.5.85.15
pyl1,g969,10.5.85.16
pyl1,g970,10.5.86.1
pyl1,g971,10.5.86.2
pyl1,g972,10.5.86.3
pyl1,g973,10.5.86.4
pyl1,g974,10.5.86.5
pyl1,g975,10.5.86.6
pyl1,g976,10.5.86.7
pyl1,g977,10.5.86.8
pyl1,g978,10.5.86.9
pyl1,g979,10.5.86.10
pyl1,g980,10.5.86.11
pyl1,g981,10.5.86.12
pyl1,g982,10.5.86.13
pyl1,g983,10.5.86.14
pyl1,g984,10.5.86.15
pyl1,g985,10.5.86.16
pyl1,g986,10.5.87.1
pyl1,g987,10.5.87.2
pyl1,g988,10.5.87.3
pyl1,g989,10.5.87.4
pyl1,g990,10.5.87.5
pyl1,g991,10.5.87.6
pyl1,g992,10.5.87.7
pyl1,g993,10.5.87.8
pyl1,g994,10.5.87.9
pyl1,g995,10.5.87.10
pyl1,g996,10.5.87.11
pyl1,g997,10.5.87.12
pyl1,g998,10.5.87.13
pyl1,g999,10.5.87.14
pyl1,g1000,10.5.87.15
pyl1,g1001,10.5.87.16
pyl1,g1002,10.5.88.1
pyl1,g1003,10.5.88.2
pyl1,g1004,10.5.88.3
pyl1,g1005,10.5.88.4
pyl1,g1006,10.5.88.5
pyl1,g1007,10.5.88.6
pyl1,g1008,10.5.88.7
pyl1,g1009,10.5.88.8
pyl1,g1010,10.5.88.9
pyl1,g1011,10.5.88.10
pyl1,g1012,10.5.88.11
pyl1,g1013,10.5.88.12
pyl1,g1014,10.5.88.13
pyl1,g1015,10.5.88.14
pyl1,g1016,10.5.88.15
